<?xml version="1.0" encoding="UTF-8" standalone="yes"?>
<addon id="repository.steelchannels" name="Repositorio SteelChannels Para KODI" version="1.0.1" provider-name="SteelChannels">
	<extension point="xbmc.addon.repository" name="Repositorio SteelChannels Para KODI">
		<dir>
			<info compressed="false">https://raw.githubusercontent.com/strikersfran/repository.steelchannels/master/addons.xml</info>
			<checksum>https://raw.githubusercontent.com/strikersfran/repository.steelchannels/master/addons.xml.md5</checksum>
			<datadir zip="true">https://raw.githubusercontent.com/strikersfran/repository.steelchannels/master</datadir>
		</dir>
	</extension>
	<extension point="xbmc.addon.metadata">
		<summary>Repositorio SteelChannels Para KODI</summary>
   		<description lang="en">Instalar los Addons de SteelChannels.</description>
		<disclaimer></disclaimer>
		<platform>all</platform>
	</extension>
</addon>